name,type,value,date
Primary and utilities,Primary Sector,1.71,1971
Manufacturing,Secondary Sector,19.18,1971
Construction,Secondary Sector,6.03,1971
Wholesale,Tertiary Sector,6.54,1971
Retail,Tertiary Sector,8.91,1971
Transportation and Storage,Tertiary Sector,8.64,1971
Accomodation and food service activities,Tertiary Sector,3.98,1971
Information and Communication,Tertiary Sector,5.01,1971
Financial and insurance activities,Tertiary Sector,5.86,1971
"Professional, Real Estate, Scientific and technical activities",Tertiary Sector,6.14,1971
Administrative and support service activities,Tertiary Sector,4.95,1971
Public Admin and defence,Quaternary Sector,7.41,1971
Education,Quaternary Sector,5.86,1971
Health,Tertiary Sector,6.79,1971
"Arts, entertainment and recreation",Tertiary Sector,1.74,1971
Other services,Other services,1.25,1971
Primary and utilities,Primary Sector,1.66,1972
Manufacturing,Secondary Sector,18.28,1972
Construction,Secondary Sector,6.16,1972
Wholesale,Tertiary Sector,6.6,1972
Retail,Tertiary Sector,8.92,1972
Transportation and Storage,Tertiary Sector,8.41,1972
Accomodation and food service activities,Tertiary Sector,4.15,1972
Information and Communication,Tertiary Sector,5.1,1972
Financial and insurance activities,Tertiary Sector,5.87,1972
"Professional, Real Estate, Scientific and technical activities",Tertiary Sector,6.28,1972
Administrative and support service activities,Tertiary Sector,5.03,1972
Public Admin and defence,Quaternary Sector,7.51,1972
Education,Quaternary Sector,6.12,1972
Health,Tertiary Sector,6.93,1972
"Arts, entertainment and recreation",Tertiary Sector,1.74,1972
Other services,Other services,1.25,1972
Primary and utilities,Primary Sector,1.62,1973
Manufacturing,Secondary Sector,17.56,1973
Construction,Secondary Sector,6.2,1973
Wholesale,Tertiary Sector,6.62,1973
Retail,Tertiary Sector,8.91,1973
Transportation and Storage,Tertiary Sector,8.26,1973
Accomodation and food service activities,Tertiary Sector,4.25,1973
Information and Communication,Tertiary Sector,5.17,1973
Financial and insurance activities,Tertiary Sector,5.92,1973
"Professional, Real Estate, Scientific and technical activities",Tertiary Sector,6.53,1973
Administrative and support service activities,Tertiary Sector,5.18,1973
Public Admin and defence,Quaternary Sector,7.56,1973
Education,Quaternary Sector,6.37,1973
Health,Tertiary Sector,6.88,1973
"Arts, entertainment and recreation",Tertiary Sector,1.74,1973
Other services,Other services,1.23,1973
Primary and utilities,Primary Sector,1.6,1974
Manufacturing,Secondary Sector,17.06,1974
Construction,Secondary Sector,6.03,1974
Wholesale,Tertiary Sector,6.5,1974
Retail,Tertiary Sector,8.86,1974
Transportation and Storage,Tertiary Sector,8.14,1974
Accomodation and food service activities,Tertiary Sector,4.29,1974
Information and Communication,Tertiary Sector,5.28,1974
Financial and insurance activities,Tertiary Sector,6.01,1974
"Professional, Real Estate, Scientific and technical activities",Tertiary Sector,6.68,1974
Administrative and support service activities,Tertiary Sector,5.27,1974
Public Admin and defence,Quaternary Sector,7.72,1974
Education,Quaternary Sector,6.6,1974
Health,Tertiary Sector,6.97,1974
"Arts, entertainment and recreation",Tertiary Sector,1.75,1974
Other services,Other services,1.24,1974
Primary and utilities,Primary Sector,1.6,1975
Manufacturing,Secondary Sector,16.26,1975
Construction,Secondary Sector,6,1975
Wholesale,Tertiary Sector,6.49,1975
Retail,Tertiary Sector,8.9,1975
Transportation and Storage,Tertiary Sector,8.15,1975
Accomodation and food service activities,Tertiary Sector,4.33,1975
Information and Communication,Tertiary Sector,5.26,1975
Financial and insurance activities,Tertiary Sector,6.04,1975
"Professional, Real Estate, Scientific and technical activities",Tertiary Sector,6.64,1975
Administrative and support service activities,Tertiary Sector,5.24,1975
Public Admin and defence,Quaternary Sector,7.93,1975
Education,Quaternary Sector,6.61,1975
Health,Tertiary Sector,7.5,1975
"Arts, entertainment and recreation",Tertiary Sector,1.79,1975
Other services,Other services,1.27,1975
Primary and utilities,Primary Sector,1.6,1976
Manufacturing,Secondary Sector,15.82,1976
Construction,Secondary Sector,5.99,1976
Wholesale,Tertiary Sector,6.46,1976
Retail,Tertiary Sector,8.89,1976
Transportation and Storage,Tertiary Sector,8.05,1976
Accomodation and food service activities,Tertiary Sector,4.39,1976
Information and Communication,Tertiary Sector,5.28,1976
Financial and insurance activities,Tertiary Sector,6.01,1976
"Professional, Real Estate, Scientific and technical activities",Tertiary Sector,6.67,1976
Administrative and support service activities,Tertiary Sector,5.26,1976
Public Admin and defence,Quaternary Sector,7.88,1976
Education,Quaternary Sector,6.73,1976
Health,Tertiary Sector,7.82,1976
"Arts, entertainment and recreation",Tertiary Sector,1.84,1976
Other services,Other services,1.31,1976
Primary and utilities,Primary Sector,1.6,1977
Manufacturing,Secondary Sector,15.69,1977
Construction,Secondary Sector,5.88,1977
Wholesale,Tertiary Sector,6.47,1977
Retail,Tertiary Sector,9.08,1977
Transportation and Storage,Tertiary Sector,8.07,1977
Accomodation and food service activities,Tertiary Sector,4.3,1977
Information and Communication,Tertiary Sector,5.33,1977
Financial and insurance activities,Tertiary Sector,5.93,1977
"Professional, Real Estate, Scientific and technical activities",Tertiary Sector,6.76,1977
Administrative and support service activities,Tertiary Sector,5.35,1977
Public Admin and defence,Quaternary Sector,7.78,1977
Education,Quaternary Sector,6.58,1977
Health,Tertiary Sector,7.92,1977
"Arts, entertainment and recreation",Tertiary Sector,1.89,1977
Other services,Other services,1.35,1977
Primary and utilities,Primary Sector,1.58,1978
Manufacturing,Secondary Sector,15.41,1978
Construction,Secondary Sector,5.93,1978
Wholesale,Tertiary Sector,6.48,1978
Retail,Tertiary Sector,9.14,1978
Transportation and Storage,Tertiary Sector,7.99,1978
Accomodation and food service activities,Tertiary Sector,4.37,1978
Information and Communication,Tertiary Sector,5.36,1978
Financial and insurance activities,Tertiary Sector,6.05,1978
"Professional, Real Estate, Scientific and technical activities",Tertiary Sector,6.86,1978
Administrative and support service activities,Tertiary Sector,5.38,1978
Public Admin and defence,Quaternary Sector,7.63,1978
Education,Quaternary Sector,6.49,1978
Health,Tertiary Sector,7.99,1978
"Arts, entertainment and recreation",Tertiary Sector,1.95,1978
Other services,Other services,1.39,1978
Primary and utilities,Primary Sector,1.55,1979
Manufacturing,Secondary Sector,14.96,1979
Construction,Secondary Sector,6.11,1979
Wholesale,Tertiary Sector,6.59,1979
Retail,Tertiary Sector,9.11,1979
Transportation and Storage,Tertiary Sector,7.9,1979
Accomodation and food service activities,Tertiary Sector,4.49,1979
Information and Communication,Tertiary Sector,5.36,1979
Financial and insurance activities,Tertiary Sector,6.23,1979
"Professional, Real Estate, Scientific and technical activities",Tertiary Sector,6.96,1979
Administrative and support service activities,Tertiary Sector,5.41,1979
Public Admin and defence,Quaternary Sector,7.36,1979
Education,Quaternary Sector,6.51,1979
Health,Tertiary Sector,8.02,1979
"Arts, entertainment and recreation",Tertiary Sector,2.02,1979
Other services,Other services,1.43,1979
Primary and utilities,Primary Sector,1.54,1980
Manufacturing,Secondary Sector,14.26,1980
Construction,Secondary Sector,6.18,1980
Wholesale,Tertiary Sector,6.7,1980
Retail,Tertiary Sector,9.08,1980
Transportation and Storage,Tertiary Sector,7.91,1980
Accomodation and food service activities,Tertiary Sector,4.62,1980
Information and Communication,Tertiary Sector,5.39,1980
Financial and insurance activities,Tertiary Sector,6.43,1980
"Professional, Real Estate, Scientific and technical activities",Tertiary Sector,7.1,1980
Administrative and support service activities,Tertiary Sector,5.47,1980
Public Admin and defence,Quaternary Sector,7.11,1980
Education,Quaternary Sector,6.56,1980
Health,Tertiary Sector,8.08,1980
"Arts, entertainment and recreation",Tertiary Sector,2.1,1980
Other services,Other services,1.48,1980
Primary and utilities,Primary Sector,1.51,1981
Manufacturing,Secondary Sector,13.39,1981
Construction,Secondary Sector,5.99,1981
Wholesale,Tertiary Sector,6.79,1981
Retail,Tertiary Sector,9.16,1981
Transportation and Storage,Tertiary Sector,7.85,1981
Accomodation and food service activities,Tertiary Sector,4.69,1981
Information and Communication,Tertiary Sector,5.42,1981
Financial and insurance activities,Tertiary Sector,6.64,1981
"Professional, Real Estate, Scientific and technical activities",Tertiary Sector,7.29,1981
Administrative and support service activities,Tertiary Sector,5.54,1981
Public Admin and defence,Quaternary Sector,7,1981
Education,Quaternary Sector,6.79,1981
Health,Tertiary Sector,8.23,1981
"Arts, entertainment and recreation",Tertiary Sector,2.18,1981
Other services,Other services,1.52,1981
Primary and utilities,Primary Sector,1.51,1982
Manufacturing,Secondary Sector,12.99,1982
Construction,Secondary Sector,5.84,1982
Wholesale,Tertiary Sector,6.8,1982
Retail,Tertiary Sector,9.09,1982
Transportation and Storage,Tertiary Sector,7.74,1982
Accomodation and food service activities,Tertiary Sector,4.75,1982
Information and Communication,Tertiary Sector,5.44,1982
Financial and insurance activities,Tertiary Sector,6.75,1982
"Professional, Real Estate, Scientific and technical activities",Tertiary Sector,7.42,1982
Administrative and support service activities,Tertiary Sector,5.69,1982
Public Admin and defence,Quaternary Sector,7.01,1982
Education,Quaternary Sector,6.83,1982
Health,Tertiary Sector,8.39,1982
"Arts, entertainment and recreation",Tertiary Sector,2.19,1982
Other services,Other services,1.56,1982
Primary and utilities,Primary Sector,1.43,1983
Manufacturing,Secondary Sector,12.31,1983
Construction,Secondary Sector,5.77,1983
Wholesale,Tertiary Sector,6.73,1983
Retail,Tertiary Sector,9.13,1983
Transportation and Storage,Tertiary Sector,7.52,1983
Accomodation and food service activities,Tertiary Sector,4.77,1983
Information and Communication,Tertiary Sector,5.44,1983
Financial and insurance activities,Tertiary Sector,6.97,1983
"Professional, Real Estate, Scientific and technical activities",Tertiary Sector,7.81,1983
Administrative and support service activities,Tertiary Sector,5.95,1983
Public Admin and defence,Quaternary Sector,7,1983
Education,Quaternary Sector,6.87,1983
Health,Tertiary Sector,8.5,1983
"Arts, entertainment and recreation",Tertiary Sector,2.22,1983
Other services,Other services,1.57,1983
Primary and utilities,Primary Sector,1.38,1984
Manufacturing,Secondary Sector,11.62,1984
Construction,Secondary Sector,5.78,1984
Wholesale,Tertiary Sector,6.63,1984
Retail,Tertiary Sector,9.33,1984
Transportation and Storage,Tertiary Sector,7.4,1984
Accomodation and food service activities,Tertiary Sector,4.89,1984
Information and Communication,Tertiary Sector,5.48,1984
Financial and insurance activities,Tertiary Sector,7.02,1984
"Professional, Real Estate, Scientific and technical activities",Tertiary Sector,8.2,1984
Administrative and support service activities,Tertiary Sector,6.16,1984
Public Admin and defence,Quaternary Sector,6.78,1984
Education,Quaternary Sector,6.84,1984
Health,Tertiary Sector,8.59,1984
"Arts, entertainment and recreation",Tertiary Sector,2.3,1984
Other services,Other services,1.59,1984
Primary and utilities,Primary Sector,1.34,1985
Manufacturing,Secondary Sector,11.01,1985
Construction,Secondary Sector,5.79,1985
Wholesale,Tertiary Sector,6.5,1985
Retail,Tertiary Sector,9.42,1985
Transportation and Storage,Tertiary Sector,7.21,1985
Accomodation and food service activities,Tertiary Sector,4.98,1985
Information and Communication,Tertiary Sector,5.48,1985
Financial and insurance activities,Tertiary Sector,7.16,1985
"Professional, Real Estate, Scientific and technical activities",Tertiary Sector,8.58,1985
Administrative and support service activities,Tertiary Sector,6.34,1985
Public Admin and defence,Quaternary Sector,6.57,1985
Education,Quaternary Sector,6.84,1985
Health,Tertiary Sector,8.77,1985
"Arts, entertainment and recreation",Tertiary Sector,2.37,1985
Other services,Other services,1.65,1985
Primary and utilities,Primary Sector,1.29,1986
Manufacturing,Secondary Sector,10.32,1986
Construction,Secondary Sector,5.68,1986
Wholesale,Tertiary Sector,6.42,1986
Retail,Tertiary Sector,9.46,1986
Transportation and Storage,Tertiary Sector,6.93,1986
Accomodation and food service activities,Tertiary Sector,4.97,1986
Information and Communication,Tertiary Sector,5.48,1986
Financial and insurance activities,Tertiary Sector,7.54,1986
"Professional, Real Estate, Scientific and technical activities",Tertiary Sector,8.9,1986
Administrative and support service activities,Tertiary Sector,6.6,1986
Public Admin and defence,Quaternary Sector,6.55,1986
Education,Quaternary Sector,6.98,1986
Health,Tertiary Sector,8.9,1986
"Arts, entertainment and recreation",Tertiary Sector,2.34,1986
Other services,Other services,1.64,1986
Primary and utilities,Primary Sector,1.21,1987
Manufacturing,Secondary Sector,9.56,1987
Construction,Secondary Sector,5.94,1987
Wholesale,Tertiary Sector,6.22,1987
Retail,Tertiary Sector,9.5,1987
Transportation and Storage,Tertiary Sector,6.78,1987
Accomodation and food service activities,Tertiary Sector,4.97,1987
Information and Communication,Tertiary Sector,5.47,1987
Financial and insurance activities,Tertiary Sector,7.79,1987
"Professional, Real Estate, Scientific and technical activities",Tertiary Sector,9.33,1987
Administrative and support service activities,Tertiary Sector,6.75,1987
Public Admin and defence,Quaternary Sector,6.38,1987
Education,Quaternary Sector,7.01,1987
Health,Tertiary Sector,9.01,1987
"Arts, entertainment and recreation",Tertiary Sector,2.41,1987
Other services,Other services,1.67,1987
Primary and utilities,Primary Sector,1.13,1988
Manufacturing,Secondary Sector,8.88,1988
Construction,Secondary Sector,5.96,1988
Wholesale,Tertiary Sector,6.02,1988
Retail,Tertiary Sector,9.46,1988
Transportation and Storage,Tertiary Sector,6.62,1988
Accomodation and food service activities,Tertiary Sector,5.04,1988
Information and Communication,Tertiary Sector,5.49,1988
Financial and insurance activities,Tertiary Sector,8.07,1988
"Professional, Real Estate, Scientific and technical activities",Tertiary Sector,9.7,1988
Administrative and support service activities,Tertiary Sector,6.97,1988
Public Admin and defence,Quaternary Sector,6.15,1988
Education,Quaternary Sector,7.13,1988
Health,Tertiary Sector,9.3,1988
"Arts, entertainment and recreation",Tertiary Sector,2.4,1988
Other services,Other services,1.67,1988
Primary and utilities,Primary Sector,1.11,1989
Manufacturing,Secondary Sector,8.71,1989
Construction,Secondary Sector,6.1,1989
Wholesale,Tertiary Sector,5.8,1989
Retail,Tertiary Sector,9.48,1989
Transportation and Storage,Tertiary Sector,6.59,1989
Accomodation and food service activities,Tertiary Sector,5.17,1989
Information and Communication,Tertiary Sector,5.55,1989
Financial and insurance activities,Tertiary Sector,7.96,1989
"Professional, Real Estate, Scientific and technical activities",Tertiary Sector,10.04,1989
Administrative and support service activities,Tertiary Sector,7.14,1989
Public Admin and defence,Quaternary Sector,5.82,1989
Education,Quaternary Sector,7.18,1989
Health,Tertiary Sector,9.17,1989
"Arts, entertainment and recreation",Tertiary Sector,2.49,1989
Other services,Other services,1.71,1989
Primary and utilities,Primary Sector,1.07,1990
Manufacturing,Secondary Sector,8.23,1990
Construction,Secondary Sector,6.07,1990
Wholesale,Tertiary Sector,5.63,1990
Retail,Tertiary Sector,9.63,1990
Transportation and Storage,Tertiary Sector,6.71,1990
Accomodation and food service activities,Tertiary Sector,5.28,1990
Information and Communication,Tertiary Sector,5.67,1990
Financial and insurance activities,Tertiary Sector,8.07,1990
"Professional, Real Estate, Scientific and technical activities",Tertiary Sector,10.28,1990
Administrative and support service activities,Tertiary Sector,7.5,1990
Public Admin and defence,Quaternary Sector,6.02,1990
Education,Quaternary Sector,6.56,1990
Health,Tertiary Sector,8.78,1990
"Arts, entertainment and recreation",Tertiary Sector,2.65,1990
Other services,Other services,1.85,1990
Primary and utilities,Primary Sector,1.07,1991
Manufacturing,Secondary Sector,7.47,1991
Construction,Secondary Sector,6.01,1991
Wholesale,Tertiary Sector,5.43,1991
Retail,Tertiary Sector,9.84,1991
Transportation and Storage,Tertiary Sector,6.87,1991
Accomodation and food service activities,Tertiary Sector,5.17,1991
Information and Communication,Tertiary Sector,5.75,1991
Financial and insurance activities,Tertiary Sector,8.14,1991
"Professional, Real Estate, Scientific and technical activities",Tertiary Sector,10.4,1991
Administrative and support service activities,Tertiary Sector,7.71,1991
Public Admin and defence,Quaternary Sector,6.44,1991
Education,Quaternary Sector,5.96,1991
Health,Tertiary Sector,8.74,1991
"Arts, entertainment and recreation",Tertiary Sector,2.96,1991
Other services,Other services,2.04,1991
Primary and utilities,Primary Sector,1.1,1992
Manufacturing,Secondary Sector,7.23,1992
Construction,Secondary Sector,5.73,1992
Wholesale,Tertiary Sector,5.39,1992
Retail,Tertiary Sector,10,1992
Transportation and Storage,Tertiary Sector,6.77,1992
Accomodation and food service activities,Tertiary Sector,5.22,1992
Information and Communication,Tertiary Sector,5.78,1992
Financial and insurance activities,Tertiary Sector,8.01,1992
"Professional, Real Estate, Scientific and technical activities",Tertiary Sector,10.5,1992
Administrative and support service activities,Tertiary Sector,7.82,1992
Public Admin and defence,Quaternary Sector,6.51,1992
Education,Quaternary Sector,6.02,1992
Health,Tertiary Sector,8.77,1992
"Arts, entertainment and recreation",Tertiary Sector,3.04,1992
Other services,Other services,2.11,1992
Primary and utilities,Primary Sector,1.03,1993
Manufacturing,Secondary Sector,6.85,1993
Construction,Secondary Sector,5.35,1993
Wholesale,Tertiary Sector,5.31,1993
Retail,Tertiary Sector,10.13,1993
Transportation and Storage,Tertiary Sector,6.56,1993
Accomodation and food service activities,Tertiary Sector,5.46,1993
Information and Communication,Tertiary Sector,5.86,1993
Financial and insurance activities,Tertiary Sector,7.89,1993
"Professional, Real Estate, Scientific and technical activities",Tertiary Sector,10.99,1993
Administrative and support service activities,Tertiary Sector,8.2,1993
Public Admin and defence,Quaternary Sector,6.29,1993
Education,Quaternary Sector,6.19,1993
Health,Tertiary Sector,8.63,1993
"Arts, entertainment and recreation",Tertiary Sector,3.11,1993
Other services,Other services,2.15,1993
Primary and utilities,Primary Sector,0.88,1994
Manufacturing,Secondary Sector,6.6,1994
Construction,Secondary Sector,5.37,1994
Wholesale,Tertiary Sector,5.57,1994
Retail,Tertiary Sector,10.1,1994
Transportation and Storage,Tertiary Sector,6.46,1994
Accomodation and food service activities,Tertiary Sector,5.83,1994
Information and Communication,Tertiary Sector,5.91,1994
Financial and insurance activities,Tertiary Sector,7.95,1994
"Professional, Real Estate, Scientific and technical activities",Tertiary Sector,11.34,1994
Administrative and support service activities,Tertiary Sector,8.36,1994
Public Admin and defence,Quaternary Sector,5.94,1994
Education,Quaternary Sector,5.98,1994
Health,Tertiary Sector,8.4,1994
"Arts, entertainment and recreation",Tertiary Sector,3.15,1994
Other services,Other services,2.16,1994
Primary and utilities,Primary Sector,0.78,1995
Manufacturing,Secondary Sector,6.7,1995
Construction,Secondary Sector,5.57,1995
Wholesale,Tertiary Sector,5.68,1995
Retail,Tertiary Sector,9.87,1995
Transportation and Storage,Tertiary Sector,6.08,1995
Accomodation and food service activities,Tertiary Sector,5.92,1995
Information and Communication,Tertiary Sector,5.95,1995
Financial and insurance activities,Tertiary Sector,8.1,1995
"Professional, Real Estate, Scientific and technical activities",Tertiary Sector,11.48,1995
Administrative and support service activities,Tertiary Sector,8.96,1995
Public Admin and defence,Quaternary Sector,5.69,1995
Education,Quaternary Sector,5.66,1995
Health,Tertiary Sector,8.3,1995
"Arts, entertainment and recreation",Tertiary Sector,3.11,1995
Other services,Other services,2.13,1995
Primary and utilities,Primary Sector,0.78,1996
Manufacturing,Secondary Sector,6.65,1996
Construction,Secondary Sector,5.22,1996
Wholesale,Tertiary Sector,5.54,1996
Retail,Tertiary Sector,8.73,1996
Transportation and Storage,Tertiary Sector,6.22,1996
Accomodation and food service activities,Tertiary Sector,5.17,1996
Information and Communication,Tertiary Sector,6.2,1996
Financial and insurance activities,Tertiary Sector,8.46,1996
"Professional, Real Estate, Scientific and technical activities",Tertiary Sector,11.77,1996
Administrative and support service activities,Tertiary Sector,9.24,1996
Public Admin and defence,Quaternary Sector,5.63,1996
Education,Quaternary Sector,5.73,1996
Health,Tertiary Sector,8.87,1996
"Arts, entertainment and recreation",Tertiary Sector,3.33,1996
Other services,Other services,2.45,1996
Primary and utilities,Primary Sector,0.77,1997
Manufacturing,Secondary Sector,6.41,1997
Construction,Secondary Sector,4.86,1997
Wholesale,Tertiary Sector,5.72,1997
Retail,Tertiary Sector,8.74,1997
Transportation and Storage,Tertiary Sector,6.24,1997
Accomodation and food service activities,Tertiary Sector,5.6,1997
Information and Communication,Tertiary Sector,6.65,1997
Financial and insurance activities,Tertiary Sector,8.14,1997
"Professional, Real Estate, Scientific and technical activities",Tertiary Sector,11.61,1997
Administrative and support service activities,Tertiary Sector,9.53,1997
Public Admin and defence,Quaternary Sector,5.4,1997
Education,Quaternary Sector,5.81,1997
Health,Tertiary Sector,8.63,1997
"Arts, entertainment and recreation",Tertiary Sector,3.28,1997
Other services,Other services,2.62,1997
Primary and utilities,Primary Sector,0.82,1998
Manufacturing,Secondary Sector,6.05,1998
Construction,Secondary Sector,5.25,1998
Wholesale,Tertiary Sector,5.61,1998
Retail,Tertiary Sector,9.1,1998
Transportation and Storage,Tertiary Sector,6.32,1998
Accomodation and food service activities,Tertiary Sector,5.93,1998
Information and Communication,Tertiary Sector,6.87,1998
Financial and insurance activities,Tertiary Sector,7.83,1998
"Professional, Real Estate, Scientific and technical activities",Tertiary Sector,11.61,1998
Administrative and support service activities,Tertiary Sector,9.92,1998
Public Admin and defence,Quaternary Sector,5.15,1998
Education,Quaternary Sector,5.76,1998
Health,Tertiary Sector,8.01,1998
"Arts, entertainment and recreation",Tertiary Sector,3.07,1998
Other services,Other services,2.7,1998
Primary and utilities,Primary Sector,0.77,1999
Manufacturing,Secondary Sector,5.75,1999
Construction,Secondary Sector,4.88,1999
Wholesale,Tertiary Sector,5.65,1999
Retail,Tertiary Sector,9.19,1999
Transportation and Storage,Tertiary Sector,6.08,1999
Accomodation and food service activities,Tertiary Sector,6.27,1999
Information and Communication,Tertiary Sector,7.37,1999
Financial and insurance activities,Tertiary Sector,7.66,1999
"Professional, Real Estate, Scientific and technical activities",Tertiary Sector,11.59,1999
Administrative and support service activities,Tertiary Sector,10.08,1999
Public Admin and defence,Quaternary Sector,5.11,1999
Education,Quaternary Sector,6,1999
Health,Tertiary Sector,7.55,1999
"Arts, entertainment and recreation",Tertiary Sector,3.26,1999
Other services,Other services,2.78,1999
Primary and utilities,Primary Sector,0.83,2000
Manufacturing,Secondary Sector,5.47,2000
Construction,Secondary Sector,5.13,2000
Wholesale,Tertiary Sector,5.6,2000
Retail,Tertiary Sector,9.04,2000
Transportation and Storage,Tertiary Sector,5.84,2000
Accomodation and food service activities,Tertiary Sector,6.18,2000
Information and Communication,Tertiary Sector,7.58,2000
Financial and insurance activities,Tertiary Sector,7.68,2000
"Professional, Real Estate, Scientific and technical activities",Tertiary Sector,11.76,2000
Administrative and support service activities,Tertiary Sector,10.42,2000
Public Admin and defence,Quaternary Sector,4.94,2000
Education,Quaternary Sector,5.88,2000
Health,Tertiary Sector,7.59,2000
"Arts, entertainment and recreation",Tertiary Sector,3.23,2000
Other services,Other services,2.82,2000
Primary and utilities,Primary Sector,0.81,2001
Manufacturing,Secondary Sector,4.99,2001
Construction,Secondary Sector,5.07,2001
Wholesale,Tertiary Sector,5.37,2001
Retail,Tertiary Sector,8.94,2001
Transportation and Storage,Tertiary Sector,5.78,2001
Accomodation and food service activities,Tertiary Sector,6.34,2001
Information and Communication,Tertiary Sector,7.79,2001
Financial and insurance activities,Tertiary Sector,7.89,2001
"Professional, Real Estate, Scientific and technical activities",Tertiary Sector,12.17,2001
Administrative and support service activities,Tertiary Sector,10.59,2001
Public Admin and defence,Quaternary Sector,4.61,2001
Education,Quaternary Sector,5.65,2001
Health,Tertiary Sector,7.92,2001
"Arts, entertainment and recreation",Tertiary Sector,3.3,2001
Other services,Other services,2.78,2001
Primary and utilities,Primary Sector,0.7,2002
Manufacturing,Secondary Sector,4.52,2002
Construction,Secondary Sector,5.1,2002
Wholesale,Tertiary Sector,5.36,2002
Retail,Tertiary Sector,8.85,2002
Transportation and Storage,Tertiary Sector,5.7,2002
Accomodation and food service activities,Tertiary Sector,6.58,2002
Information and Communication,Tertiary Sector,7.58,2002
Financial and insurance activities,Tertiary Sector,7.75,2002
"Professional, Real Estate, Scientific and technical activities",Tertiary Sector,12.01,2002
Administrative and support service activities,Tertiary Sector,10.25,2002
Public Admin and defence,Quaternary Sector,5.16,2002
Education,Quaternary Sector,6.11,2002
Health,Tertiary Sector,8.04,2002
"Arts, entertainment and recreation",Tertiary Sector,3.47,2002
Other services,Other services,2.82,2002
Primary and utilities,Primary Sector,0.55,2003
Manufacturing,Secondary Sector,4.26,2003
Construction,Secondary Sector,5.12,2003
Wholesale,Tertiary Sector,5.06,2003
Retail,Tertiary Sector,8.83,2003
Transportation and Storage,Tertiary Sector,5.7,2003
Accomodation and food service activities,Tertiary Sector,6.77,2003
Information and Communication,Tertiary Sector,7.52,2003
Financial and insurance activities,Tertiary Sector,7.75,2003
"Professional, Real Estate, Scientific and technical activities",Tertiary Sector,12.31,2003
Administrative and support service activities,Tertiary Sector,10.01,2003
Public Admin and defence,Quaternary Sector,5.26,2003
Education,Quaternary Sector,6.37,2003
Health,Tertiary Sector,8.37,2003
"Arts, entertainment and recreation",Tertiary Sector,3.22,2003
Other services,Other services,2.88,2003
Primary and utilities,Primary Sector,0.57,2004
Manufacturing,Secondary Sector,4.13,2004
Construction,Secondary Sector,5.23,2004
Wholesale,Tertiary Sector,5,2004
Retail,Tertiary Sector,8.89,2004
Transportation and Storage,Tertiary Sector,5.6,2004
Accomodation and food service activities,Tertiary Sector,6.9,2004
Information and Communication,Tertiary Sector,7.03,2004
Financial and insurance activities,Tertiary Sector,7.42,2004
"Professional, Real Estate, Scientific and technical activities",Tertiary Sector,12.35,2004
Administrative and support service activities,Tertiary Sector,10.09,2004
Public Admin and defence,Quaternary Sector,5.26,2004
Education,Quaternary Sector,6.67,2004
Health,Tertiary Sector,8.71,2004
"Arts, entertainment and recreation",Tertiary Sector,3.24,2004
Other services,Other services,2.9,2004
Primary and utilities,Primary Sector,0.62,2005
Manufacturing,Secondary Sector,3.79,2005
Construction,Secondary Sector,5.26,2005
Wholesale,Tertiary Sector,4.7,2005
Retail,Tertiary Sector,8.86,2005
Transportation and Storage,Tertiary Sector,5.64,2005
Accomodation and food service activities,Tertiary Sector,6.79,2005
Information and Communication,Tertiary Sector,7.12,2005
Financial and insurance activities,Tertiary Sector,7.16,2005
"Professional, Real Estate, Scientific and technical activities",Tertiary Sector,12.87,2005
Administrative and support service activities,Tertiary Sector,10.12,2005
Public Admin and defence,Quaternary Sector,5.45,2005
Education,Quaternary Sector,6.46,2005
Health,Tertiary Sector,8.95,2005
"Arts, entertainment and recreation",Tertiary Sector,3.29,2005
Other services,Other services,2.93,2005
Primary and utilities,Primary Sector,0.62,2006
Manufacturing,Secondary Sector,3.51,2006
Construction,Secondary Sector,5.47,2006
Wholesale,Tertiary Sector,4.57,2006
Retail,Tertiary Sector,8.84,2006
Transportation and Storage,Tertiary Sector,5.56,2006
Accomodation and food service activities,Tertiary Sector,6.71,2006
Information and Communication,Tertiary Sector,7.41,2006
Financial and insurance activities,Tertiary Sector,7.19,2006
"Professional, Real Estate, Scientific and technical activities",Tertiary Sector,13.44,2006
Administrative and support service activities,Tertiary Sector,10.19,2006
Public Admin and defence,Quaternary Sector,5.15,2006
Education,Quaternary Sector,6.41,2006
Health,Tertiary Sector,8.62,2006
"Arts, entertainment and recreation",Tertiary Sector,3.43,2006
Other services,Other services,2.86,2006
Primary and utilities,Primary Sector,0.65,2007
Manufacturing,Secondary Sector,3.51,2007
Construction,Secondary Sector,5.54,2007
Wholesale,Tertiary Sector,4.45,2007
Retail,Tertiary Sector,8.75,2007
Transportation and Storage,Tertiary Sector,5.58,2007
Accomodation and food service activities,Tertiary Sector,6.59,2007
Information and Communication,Tertiary Sector,7.36,2007
Financial and insurance activities,Tertiary Sector,7.37,2007
"Professional, Real Estate, Scientific and technical activities",Tertiary Sector,13.86,2007
Administrative and support service activities,Tertiary Sector,10.53,2007
Public Admin and defence,Quaternary Sector,4.87,2007
Education,Quaternary Sector,6.54,2007
Health,Tertiary Sector,8.11,2007
"Arts, entertainment and recreation",Tertiary Sector,3.38,2007
Other services,Other services,2.92,2007
Primary and utilities,Primary Sector,0.65,2008
Manufacturing,Secondary Sector,3.2,2008
Construction,Secondary Sector,5.53,2008
Wholesale,Tertiary Sector,4.19,2008
Retail,Tertiary Sector,8.6,2008
Transportation and Storage,Tertiary Sector,5.67,2008
Accomodation and food service activities,Tertiary Sector,6.7,2008
Information and Communication,Tertiary Sector,7.41,2008
Financial and insurance activities,Tertiary Sector,7.45,2008
"Professional, Real Estate, Scientific and technical activities",Tertiary Sector,14.07,2008
Administrative and support service activities,Tertiary Sector,10.21,2008
Public Admin and defence,Quaternary Sector,4.73,2008
Education,Quaternary Sector,6.48,2008
Health,Tertiary Sector,8.81,2008
"Arts, entertainment and recreation",Tertiary Sector,3.55,2008
Other services,Other services,2.73,2008
Primary and utilities,Primary Sector,0.59,2009
Manufacturing,Secondary Sector,2.73,2009
Construction,Secondary Sector,5.18,2009
Wholesale,Tertiary Sector,3.96,2009
Retail,Tertiary Sector,8.51,2009
Transportation and Storage,Tertiary Sector,5.58,2009
Accomodation and food service activities,Tertiary Sector,6.55,2009
Information and Communication,Tertiary Sector,7.17,2009
Financial and insurance activities,Tertiary Sector,7.32,2009
"Professional, Real Estate, Scientific and technical activities",Tertiary Sector,14.64,2009
Administrative and support service activities,Tertiary Sector,9.84,2009
Public Admin and defence,Quaternary Sector,5,2009
Education,Quaternary Sector,7.31,2009
Health,Tertiary Sector,9.79,2009
"Arts, entertainment and recreation",Tertiary Sector,3.09,2009
Other services,Other services,2.72,2009
Primary and utilities,Primary Sector,0.6,2010
Manufacturing,Secondary Sector,2.63,2010
Construction,Secondary Sector,4.85,2010
Wholesale,Tertiary Sector,3.78,2010
Retail,Tertiary Sector,8.28,2010
Transportation and Storage,Tertiary Sector,5.24,2010
Accomodation and food service activities,Tertiary Sector,6.73,2010
Information and Communication,Tertiary Sector,7.21,2010
Financial and insurance activities,Tertiary Sector,7.38,2010
"Professional, Real Estate, Scientific and technical activities",Tertiary Sector,15.22,2010
Administrative and support service activities,Tertiary Sector,10.08,2010
Public Admin and defence,Quaternary Sector,4.83,2010
Education,Quaternary Sector,7.46,2010
Health,Tertiary Sector,9.62,2010
"Arts, entertainment and recreation",Tertiary Sector,3.23,2010
Other services,Other services,2.86,2010
Primary and utilities,Primary Sector,0.65,2011
Manufacturing,Secondary Sector,2.46,2011
Construction,Secondary Sector,5.09,2011
Wholesale,Tertiary Sector,3.8,2011
Retail,Tertiary Sector,8.22,2011
Transportation and Storage,Tertiary Sector,5.26,2011
Accomodation and food service activities,Tertiary Sector,6.61,2011
Information and Communication,Tertiary Sector,7.62,2011
Financial and insurance activities,Tertiary Sector,7.5,2011
"Professional, Real Estate, Scientific and technical activities",Tertiary Sector,14.69,2011
Administrative and support service activities,Tertiary Sector,10.27,2011
Public Admin and defence,Quaternary Sector,4.56,2011
Education,Quaternary Sector,7.39,2011
Health,Tertiary Sector,9.77,2011
"Arts, entertainment and recreation",Tertiary Sector,3.26,2011
Other services,Other services,2.84,2011
Primary and utilities,Primary Sector,0.61,2012
Manufacturing,Secondary Sector,2.45,2012
Construction,Secondary Sector,5.44,2012
Wholesale,Tertiary Sector,4.07,2012
Retail,Tertiary Sector,8.33,2012
Transportation and Storage,Tertiary Sector,5.12,2012
Accomodation and food service activities,Tertiary Sector,6.76,2012
Information and Communication,Tertiary Sector,7.22,2012
Financial and insurance activities,Tertiary Sector,7.5,2012
"Professional, Real Estate, Scientific and technical activities",Tertiary Sector,14.8,2012
Administrative and support service activities,Tertiary Sector,10.02,2012
Public Admin and defence,Quaternary Sector,4.3,2012
Education,Quaternary Sector,7.39,2012
Health,Tertiary Sector,9.98,2012
"Arts, entertainment and recreation",Tertiary Sector,3.34,2012
Other services,Other services,2.66,2012
Primary and utilities,Primary Sector,0.55,2013
Manufacturing,Secondary Sector,2.34,2013
Construction,Secondary Sector,5.38,2013
Wholesale,Tertiary Sector,3.93,2013
Retail,Tertiary Sector,7.97,2013
Transportation and Storage,Tertiary Sector,5.13,2013
Accomodation and food service activities,Tertiary Sector,6.88,2013
Information and Communication,Tertiary Sector,7.55,2013
Financial and insurance activities,Tertiary Sector,6.91,2013
"Professional, Real Estate, Scientific and technical activities",Tertiary Sector,15.53,2013
Administrative and support service activities,Tertiary Sector,9.83,2013
Public Admin and defence,Quaternary Sector,4.21,2013
Education,Quaternary Sector,7.4,2013
Health,Tertiary Sector,10.21,2013
"Arts, entertainment and recreation",Tertiary Sector,3.23,2013
Other services,Other services,2.96,2013
Primary and utilities,Primary Sector,0.59,2014
Manufacturing,Secondary Sector,2.41,2014
Construction,Secondary Sector,5.12,2014
Wholesale,Tertiary Sector,3.71,2014
Retail,Tertiary Sector,8.05,2014
Transportation and Storage,Tertiary Sector,5.04,2014
Accomodation and food service activities,Tertiary Sector,6.87,2014
Information and Communication,Tertiary Sector,7.88,2014
Financial and insurance activities,Tertiary Sector,6.65,2014
"Professional, Real Estate, Scientific and technical activities",Tertiary Sector,15.71,2014
Administrative and support service activities,Tertiary Sector,10.11,2014
Public Admin and defence,Quaternary Sector,4.08,2014
Education,Quaternary Sector,7.52,2014
Health,Tertiary Sector,9.97,2014
"Arts, entertainment and recreation",Tertiary Sector,3.55,2014
Other services,Other services,2.75,2014
Primary and utilities,Primary Sector,0.54,2015
Manufacturing,Secondary Sector,2.17,2015
Construction,Secondary Sector,5.16,2015
Wholesale,Tertiary Sector,3.72,2015
Retail,Tertiary Sector,8.29,2015
Transportation and Storage,Tertiary Sector,5.03,2015
Accomodation and food service activities,Tertiary Sector,6.74,2015
Information and Communication,Tertiary Sector,7.76,2015
Financial and insurance activities,Tertiary Sector,6.69,2015
"Professional, Real Estate, Scientific and technical activities",Tertiary Sector,16.19,2015
Administrative and support service activities,Tertiary Sector,10.29,2015
Public Admin and defence,Quaternary Sector,3.93,2015
Education,Quaternary Sector,7.52,2015
Health,Tertiary Sector,9.75,2015
"Arts, entertainment and recreation",Tertiary Sector,3.6,2015
Other services,Other services,2.61,2015
Primary and utilities,Primary Sector,0.53,2016
Manufacturing,Secondary Sector,2.26,2016
Construction,Secondary Sector,5.12,2016
Wholesale,Tertiary Sector,3.61,2016
Retail,Tertiary Sector,8.22,2016
Transportation and Storage,Tertiary Sector,4.95,2016
Accomodation and food service activities,Tertiary Sector,6.84,2016
Information and Communication,Tertiary Sector,7.9,2016
Financial and insurance activities,Tertiary Sector,6.52,2016
"Professional, Real Estate, Scientific and technical activities",Tertiary Sector,16.1,2016
Administrative and support service activities,Tertiary Sector,10.27,2016
Public Admin and defence,Quaternary Sector,3.92,2016
Education,Quaternary Sector,7.45,2016
Health,Tertiary Sector,10.11,2016
"Arts, entertainment and recreation",Tertiary Sector,3.75,2016
Other services,Other services,2.45,2016
Primary and utilities,Primary Sector,0.52,2017
Manufacturing,Secondary Sector,2.21,2017
Construction,Secondary Sector,5.12,2017
Wholesale,Tertiary Sector,3.56,2017
Retail,Tertiary Sector,8.17,2017
Transportation and Storage,Tertiary Sector,4.9,2017
Accomodation and food service activities,Tertiary Sector,6.87,2017
Information and Communication,Tertiary Sector,7.94,2017
Financial and insurance activities,Tertiary Sector,6.49,2017
"Professional, Real Estate, Scientific and technical activities",Tertiary Sector,16.23,2017
Administrative and support service activities,Tertiary Sector,10.29,2017
Public Admin and defence,Quaternary Sector,3.88,2017
Education,Quaternary Sector,7.49,2017
Health,Tertiary Sector,10.13,2017
"Arts, entertainment and recreation",Tertiary Sector,3.77,2017
Other services,Other services,2.44,2017
Primary and utilities,Primary Sector,0.51,2018
Manufacturing,Secondary Sector,2.15,2018
Construction,Secondary Sector,5.12,2018
Wholesale,Tertiary Sector,3.51,2018
Retail,Tertiary Sector,8.13,2018
Transportation and Storage,Tertiary Sector,4.84,2018
Accomodation and food service activities,Tertiary Sector,6.89,2018
Information and Communication,Tertiary Sector,7.98,2018
Financial and insurance activities,Tertiary Sector,6.47,2018
"Professional, Real Estate, Scientific and technical activities",Tertiary Sector,16.36,2018
Administrative and support service activities,Tertiary Sector,10.31,2018
Public Admin and defence,Quaternary Sector,3.84,2018
Education,Quaternary Sector,7.53,2018
Health,Tertiary Sector,10.14,2018
"Arts, entertainment and recreation",Tertiary Sector,3.79,2018
Other services,Other services,2.44,2018
Primary and utilities,Primary Sector,0.51,2019
Manufacturing,Secondary Sector,2.1,2019
Construction,Secondary Sector,5.12,2019
Wholesale,Tertiary Sector,3.46,2019
Retail,Tertiary Sector,8.09,2019
Transportation and Storage,Tertiary Sector,4.79,2019
Accomodation and food service activities,Tertiary Sector,6.91,2019
Information and Communication,Tertiary Sector,8.03,2019
Financial and insurance activities,Tertiary Sector,6.45,2019
"Professional, Real Estate, Scientific and technical activities",Tertiary Sector,16.49,2019
Administrative and support service activities,Tertiary Sector,10.33,2019
Public Admin and defence,Quaternary Sector,3.79,2019
Education,Quaternary Sector,7.56,2019
Health,Tertiary Sector,10.15,2019
"Arts, entertainment and recreation",Tertiary Sector,3.8,2019
Other services,Other services,2.43,2019
Primary and utilities,Primary Sector,0.5,2020
Manufacturing,Secondary Sector,2.05,2020
Construction,Secondary Sector,5.12,2020
Wholesale,Tertiary Sector,3.4,2020
Retail,Tertiary Sector,8.05,2020
Transportation and Storage,Tertiary Sector,4.73,2020
Accomodation and food service activities,Tertiary Sector,6.93,2020
Information and Communication,Tertiary Sector,8.07,2020
Financial and insurance activities,Tertiary Sector,6.42,2020
"Professional, Real Estate, Scientific and technical activities",Tertiary Sector,16.61,2020
Administrative and support service activities,Tertiary Sector,10.35,2020
Public Admin and defence,Quaternary Sector,3.75,2020
Education,Quaternary Sector,7.6,2020
Health,Tertiary Sector,10.17,2020
"Arts, entertainment and recreation",Tertiary Sector,3.82,2020
Other services,Other services,2.43,2020
Primary and utilities,Primary Sector,0.49,2021
Manufacturing,Secondary Sector,2,2021
Construction,Secondary Sector,5.13,2021
Wholesale,Tertiary Sector,3.35,2021
Retail,Tertiary Sector,8.01,2021
Transportation and Storage,Tertiary Sector,4.68,2021
Accomodation and food service activities,Tertiary Sector,6.95,2021
Information and Communication,Tertiary Sector,8.12,2021
Financial and insurance activities,Tertiary Sector,6.4,2021
"Professional, Real Estate, Scientific and technical activities",Tertiary Sector,16.74,2021
Administrative and support service activities,Tertiary Sector,10.37,2021
Public Admin and defence,Quaternary Sector,3.71,2021
Education,Quaternary Sector,7.64,2021
Health,Tertiary Sector,10.18,2021
"Arts, entertainment and recreation",Tertiary Sector,3.84,2021
Other services,Other services,2.42,2021
Primary and utilities,Primary Sector,0.48,2022
Manufacturing,Secondary Sector,1.95,2022
Construction,Secondary Sector,5.13,2022
Wholesale,Tertiary Sector,3.3,2022
Retail,Tertiary Sector,7.97,2022
Transportation and Storage,Tertiary Sector,4.62,2022
Accomodation and food service activities,Tertiary Sector,6.97,2022
Information and Communication,Tertiary Sector,8.16,2022
Financial and insurance activities,Tertiary Sector,6.38,2022
"Professional, Real Estate, Scientific and technical activities",Tertiary Sector,16.87,2022
Administrative and support service activities,Tertiary Sector,10.38,2022
Public Admin and defence,Quaternary Sector,3.67,2022
Education,Quaternary Sector,7.67,2022
Health,Tertiary Sector,10.19,2022
"Arts, entertainment and recreation",Tertiary Sector,3.86,2022
Other services,Other services,2.41,2022
Primary and utilities,Primary Sector,0.47,2023
Manufacturing,Secondary Sector,1.9,2023
Construction,Secondary Sector,5.13,2023
Wholesale,Tertiary Sector,3.25,2023
Retail,Tertiary Sector,7.92,2023
Transportation and Storage,Tertiary Sector,4.57,2023
Accomodation and food service activities,Tertiary Sector,6.98,2023
Information and Communication,Tertiary Sector,8.2,2023
Financial and insurance activities,Tertiary Sector,6.35,2023
"Professional, Real Estate, Scientific and technical activities",Tertiary Sector,17,2023
Administrative and support service activities,Tertiary Sector,10.4,2023
Public Admin and defence,Quaternary Sector,3.63,2023
Education,Quaternary Sector,7.71,2023
Health,Tertiary Sector,10.2,2023
"Arts, entertainment and recreation",Tertiary Sector,3.87,2023
Other services,Other services,2.41,2023
Primary and utilities,Primary Sector,0.46,2024
Manufacturing,Secondary Sector,1.85,2024
Construction,Secondary Sector,5.13,2024
Wholesale,Tertiary Sector,3.2,2024
Retail,Tertiary Sector,7.88,2024
Transportation and Storage,Tertiary Sector,4.52,2024
Accomodation and food service activities,Tertiary Sector,7,2024
Information and Communication,Tertiary Sector,8.24,2024
Financial and insurance activities,Tertiary Sector,6.33,2024
"Professional, Real Estate, Scientific and technical activities",Tertiary Sector,17.13,2024
Administrative and support service activities,Tertiary Sector,10.42,2024
Public Admin and defence,Quaternary Sector,3.59,2024
Education,Quaternary Sector,7.74,2024
Health,Tertiary Sector,10.21,2024
"Arts, entertainment and recreation",Tertiary Sector,3.89,2024
Other services,Other services,2.4,2024
Primary and utilities,Primary Sector,0.46,2025
Manufacturing,Secondary Sector,1.8,2025
Construction,Secondary Sector,5.13,2025
Wholesale,Tertiary Sector,3.16,2025
Retail,Tertiary Sector,7.84,2025
Transportation and Storage,Tertiary Sector,4.46,2025
Accomodation and food service activities,Tertiary Sector,7.02,2025
Information and Communication,Tertiary Sector,8.29,2025
Financial and insurance activities,Tertiary Sector,6.3,2025
"Professional, Real Estate, Scientific and technical activities",Tertiary Sector,17.26,2025
Administrative and support service activities,Tertiary Sector,10.43,2025
Public Admin and defence,Quaternary Sector,3.55,2025
Education,Quaternary Sector,7.78,2025
Health,Tertiary Sector,10.22,2025
"Arts, entertainment and recreation",Tertiary Sector,3.9,2025
Other services,Other services,2.4,2025
Primary and utilities,Primary Sector,0.45,2026
Manufacturing,Secondary Sector,1.76,2026
Construction,Secondary Sector,5.13,2026
Wholesale,Tertiary Sector,3.11,2026
Retail,Tertiary Sector,7.8,2026
Transportation and Storage,Tertiary Sector,4.41,2026
Accomodation and food service activities,Tertiary Sector,7.04,2026
Information and Communication,Tertiary Sector,8.33,2026
Financial and insurance activities,Tertiary Sector,6.28,2026
"Professional, Real Estate, Scientific and technical activities",Tertiary Sector,17.39,2026
Administrative and support service activities,Tertiary Sector,10.45,2026
Public Admin and defence,Quaternary Sector,3.51,2026
Education,Quaternary Sector,7.81,2026
Health,Tertiary Sector,10.23,2026
"Arts, entertainment and recreation",Tertiary Sector,3.92,2026
Other services,Other services,2.39,2026
Primary and utilities,Primary Sector,0.44,2027
Manufacturing,Secondary Sector,1.71,2027
Construction,Secondary Sector,5.13,2027
Wholesale,Tertiary Sector,3.06,2027
Retail,Tertiary Sector,7.75,2027
Transportation and Storage,Tertiary Sector,4.36,2027
Accomodation and food service activities,Tertiary Sector,7.06,2027
Information and Communication,Tertiary Sector,8.37,2027
Financial and insurance activities,Tertiary Sector,6.25,2027
"Professional, Real Estate, Scientific and technical activities",Tertiary Sector,17.52,2027
Administrative and support service activities,Tertiary Sector,10.47,2027
Public Admin and defence,Quaternary Sector,3.47,2027
Education,Quaternary Sector,7.85,2027
Health,Tertiary Sector,10.24,2027
"Arts, entertainment and recreation",Tertiary Sector,3.94,2027
Other services,Other services,2.39,2027
Primary and utilities,Primary Sector,0.43,2028
Manufacturing,Secondary Sector,1.67,2028
Construction,Secondary Sector,5.13,2028
Wholesale,Tertiary Sector,3.01,2028
Retail,Tertiary Sector,7.71,2028
Transportation and Storage,Tertiary Sector,4.31,2028
Accomodation and food service activities,Tertiary Sector,7.08,2028
Information and Communication,Tertiary Sector,8.41,2028
Financial and insurance activities,Tertiary Sector,6.23,2028
"Professional, Real Estate, Scientific and technical activities",Tertiary Sector,17.65,2028
Administrative and support service activities,Tertiary Sector,10.48,2028
Public Admin and defence,Quaternary Sector,3.43,2028
Education,Quaternary Sector,7.88,2028
Health,Tertiary Sector,10.24,2028
"Arts, entertainment and recreation",Tertiary Sector,3.95,2028
Other services,Other services,2.38,2028
Primary and utilities,Primary Sector,0.43,2029
Manufacturing,Secondary Sector,1.63,2029
Construction,Secondary Sector,5.13,2029
Wholesale,Tertiary Sector,2.97,2029
Retail,Tertiary Sector,7.67,2029
Transportation and Storage,Tertiary Sector,4.25,2029
Accomodation and food service activities,Tertiary Sector,7.09,2029
Information and Communication,Tertiary Sector,8.46,2029
Financial and insurance activities,Tertiary Sector,6.2,2029
"Professional, Real Estate, Scientific and technical activities",Tertiary Sector,17.77,2029
Administrative and support service activities,Tertiary Sector,10.5,2029
Public Admin and defence,Quaternary Sector,3.4,2029
Education,Quaternary Sector,7.92,2029
Health,Tertiary Sector,10.25,2029
"Arts, entertainment and recreation",Tertiary Sector,3.97,2029
Other services,Other services,2.37,2029
Primary and utilities,Primary Sector,0.42,2030
Manufacturing,Secondary Sector,1.59,2030
Construction,Secondary Sector,5.13,2030
Wholesale,Tertiary Sector,2.92,2030
Retail,Tertiary Sector,7.62,2030
Transportation and Storage,Tertiary Sector,4.2,2030
Accomodation and food service activities,Tertiary Sector,7.11,2030
Information and Communication,Tertiary Sector,8.5,2030
Financial and insurance activities,Tertiary Sector,6.18,2030
"Professional, Real Estate, Scientific and technical activities",Tertiary Sector,17.9,2030
Administrative and support service activities,Tertiary Sector,10.51,2030
Public Admin and defence,Quaternary Sector,3.36,2030
Education,Quaternary Sector,7.95,2030
Health,Tertiary Sector,10.26,2030
"Arts, entertainment and recreation",Tertiary Sector,3.98,2030
Other services,Other services,2.37,2030
Primary and utilities,Primary Sector,0.41,2031
Manufacturing,Secondary Sector,1.55,2031
Construction,Secondary Sector,5.13,2031
Wholesale,Tertiary Sector,2.88,2031
Retail,Tertiary Sector,7.58,2031
Transportation and Storage,Tertiary Sector,4.15,2031
Accomodation and food service activities,Tertiary Sector,7.13,2031
Information and Communication,Tertiary Sector,8.54,2031
Financial and insurance activities,Tertiary Sector,6.15,2031
"Professional, Real Estate, Scientific and technical activities",Tertiary Sector,18.03,2031
Administrative and support service activities,Tertiary Sector,10.52,2031
Public Admin and defence,Quaternary Sector,3.32,2031
Education,Quaternary Sector,7.99,2031
Health,Tertiary Sector,10.27,2031
"Arts, entertainment and recreation",Tertiary Sector,4,2031
Other services,Other services,2.36,2031
Primary and utilities,Primary Sector,0.4,2032
Manufacturing,Secondary Sector,1.51,2032
Construction,Secondary Sector,5.13,2032
Wholesale,Tertiary Sector,2.83,2032
Retail,Tertiary Sector,7.54,2032
Transportation and Storage,Tertiary Sector,4.1,2032
Accomodation and food service activities,Tertiary Sector,7.14,2032
Information and Communication,Tertiary Sector,8.58,2032
Financial and insurance activities,Tertiary Sector,6.12,2032
"Professional, Real Estate, Scientific and technical activities",Tertiary Sector,18.16,2032
Administrative and support service activities,Tertiary Sector,10.54,2032
Public Admin and defence,Quaternary Sector,3.28,2032
Education,Quaternary Sector,8.02,2032
Health,Tertiary Sector,10.27,2032
"Arts, entertainment and recreation",Tertiary Sector,4.02,2032
Other services,Other services,2.35,2032
Primary and utilities,Primary Sector,0.4,2033
Manufacturing,Secondary Sector,1.47,2033
Construction,Secondary Sector,5.12,2033
Wholesale,Tertiary Sector,2.79,2033
Retail,Tertiary Sector,7.49,2033
Transportation and Storage,Tertiary Sector,4.05,2033
Accomodation and food service activities,Tertiary Sector,7.16,2033
Information and Communication,Tertiary Sector,8.62,2033
Financial and insurance activities,Tertiary Sector,6.1,2033
"Professional, Real Estate, Scientific and technical activities",Tertiary Sector,18.29,2033
Administrative and support service activities,Tertiary Sector,10.55,2033
Public Admin and defence,Quaternary Sector,3.24,2033
Education,Quaternary Sector,8.05,2033
Health,Tertiary Sector,10.28,2033
"Arts, entertainment and recreation",Tertiary Sector,4.03,2033
Other services,Other services,2.35,2033
Primary and utilities,Primary Sector,0.39,2034
Manufacturing,Secondary Sector,1.43,2034
Construction,Secondary Sector,5.12,2034
Wholesale,Tertiary Sector,2.74,2034
Retail,Tertiary Sector,7.45,2034
Transportation and Storage,Tertiary Sector,4,2034
Accomodation and food service activities,Tertiary Sector,7.18,2034
Information and Communication,Tertiary Sector,8.66,2034
Financial and insurance activities,Tertiary Sector,6.07,2034
"Professional, Real Estate, Scientific and technical activities",Tertiary Sector,18.42,2034
Administrative and support service activities,Tertiary Sector,10.56,2034
Public Admin and defence,Quaternary Sector,3.21,2034
Education,Quaternary Sector,8.09,2034
Health,Tertiary Sector,10.28,2034
"Arts, entertainment and recreation",Tertiary Sector,4.05,2034
Other services,Other services,2.34,2034
Primary and utilities,Primary Sector,0.38,2035
Manufacturing,Secondary Sector,1.4,2035
Construction,Secondary Sector,5.12,2035
Wholesale,Tertiary Sector,2.7,2035
Retail,Tertiary Sector,7.41,2035
Transportation and Storage,Tertiary Sector,3.96,2035
Accomodation and food service activities,Tertiary Sector,7.19,2035
Information and Communication,Tertiary Sector,8.7,2035
Financial and insurance activities,Tertiary Sector,6.04,2035
"Professional, Real Estate, Scientific and technical activities",Tertiary Sector,18.55,2035
Administrative and support service activities,Tertiary Sector,10.57,2035
Public Admin and defence,Quaternary Sector,3.17,2035
Education,Quaternary Sector,8.12,2035
Health,Tertiary Sector,10.29,2035
"Arts, entertainment and recreation",Tertiary Sector,4.06,2035
Other services,Other services,2.33,2035
Primary and utilities,Primary Sector,0.38,2036
Manufacturing,Secondary Sector,1.36,2036
Construction,Secondary Sector,5.12,2036
Wholesale,Tertiary Sector,2.66,2036
Retail,Tertiary Sector,7.36,2036
Transportation and Storage,Tertiary Sector,3.91,2036
Accomodation and food service activities,Tertiary Sector,7.21,2036
Information and Communication,Tertiary Sector,8.74,2036
Financial and insurance activities,Tertiary Sector,6.02,2036
"Professional, Real Estate, Scientific and technical activities",Tertiary Sector,18.68,2036
Administrative and support service activities,Tertiary Sector,10.58,2036
Public Admin and defence,Quaternary Sector,3.13,2036
Education,Quaternary Sector,8.15,2036
Health,Tertiary Sector,10.29,2036
"Arts, entertainment and recreation",Tertiary Sector,4.08,2036
Other services,Other services,2.33,2036
Primary and utilities,Primary Sector,0.37,2037
Manufacturing,Secondary Sector,1.33,2037
Construction,Secondary Sector,5.12,2037
Wholesale,Tertiary Sector,2.62,2037
Retail,Tertiary Sector,7.32,2037
Transportation and Storage,Tertiary Sector,3.86,2037
Accomodation and food service activities,Tertiary Sector,7.22,2037
Information and Communication,Tertiary Sector,8.78,2037
Financial and insurance activities,Tertiary Sector,5.99,2037
"Professional, Real Estate, Scientific and technical activities",Tertiary Sector,18.81,2037
Administrative and support service activities,Tertiary Sector,10.6,2037
Public Admin and defence,Quaternary Sector,3.1,2037
Education,Quaternary Sector,8.19,2037
Health,Tertiary Sector,10.3,2037
"Arts, entertainment and recreation",Tertiary Sector,4.09,2037
Other services,Other services,2.32,2037
Primary and utilities,Primary Sector,0.36,2038
Manufacturing,Secondary Sector,1.29,2038
Construction,Secondary Sector,5.11,2038
Wholesale,Tertiary Sector,2.58,2038
Retail,Tertiary Sector,7.28,2038
Transportation and Storage,Tertiary Sector,3.81,2038
Accomodation and food service activities,Tertiary Sector,7.24,2038
Information and Communication,Tertiary Sector,8.82,2038
Financial and insurance activities,Tertiary Sector,5.96,2038
"Professional, Real Estate, Scientific and technical activities",Tertiary Sector,18.94,2038
Administrative and support service activities,Tertiary Sector,10.61,2038
Public Admin and defence,Quaternary Sector,3.06,2038
Education,Quaternary Sector,8.22,2038
Health,Tertiary Sector,10.3,2038
"Arts, entertainment and recreation",Tertiary Sector,4.11,2038
Other services,Other services,2.31,2038
Primary and utilities,Primary Sector,0.36,2039
Manufacturing,Secondary Sector,1.26,2039
Construction,Secondary Sector,5.11,2039
Wholesale,Tertiary Sector,2.53,2039
Retail,Tertiary Sector,7.23,2039
Transportation and Storage,Tertiary Sector,3.76,2039
Accomodation and food service activities,Tertiary Sector,7.25,2039
Information and Communication,Tertiary Sector,8.86,2039
Financial and insurance activities,Tertiary Sector,5.94,2039
"Professional, Real Estate, Scientific and technical activities",Tertiary Sector,19.07,2039
Administrative and support service activities,Tertiary Sector,10.62,2039
Public Admin and defence,Quaternary Sector,3.02,2039
Education,Quaternary Sector,8.25,2039
Health,Tertiary Sector,10.3,2039
"Arts, entertainment and recreation",Tertiary Sector,4.12,2039
Other services,Other services,2.31,2039
Primary and utilities,Primary Sector,0.35,2040
Manufacturing,Secondary Sector,1.23,2040
Construction,Secondary Sector,5.11,2040
Wholesale,Tertiary Sector,2.49,2040
Retail,Tertiary Sector,7.19,2040
Transportation and Storage,Tertiary Sector,3.72,2040
Accomodation and food service activities,Tertiary Sector,7.26,2040
Information and Communication,Tertiary Sector,8.9,2040
Financial and insurance activities,Tertiary Sector,5.91,2040
"Professional, Real Estate, Scientific and technical activities",Tertiary Sector,19.2,2040
Administrative and support service activities,Tertiary Sector,10.63,2040
Public Admin and defence,Quaternary Sector,2.99,2040
Education,Quaternary Sector,8.28,2040
Health,Tertiary Sector,10.31,2040
"Arts, entertainment and recreation",Tertiary Sector,4.14,2040
Other services,Other services,2.3,2040
Primary and utilities,Primary Sector,0.34,2041
Manufacturing,Secondary Sector,1.19,2041
Construction,Secondary Sector,5.1,2041
Wholesale,Tertiary Sector,2.45,2041
Retail,Tertiary Sector,7.14,2041
Transportation and Storage,Tertiary Sector,3.67,2041
Accomodation and food service activities,Tertiary Sector,7.28,2041
Information and Communication,Tertiary Sector,8.94,2041
Financial and insurance activities,Tertiary Sector,5.88,2041
"Professional, Real Estate, Scientific and technical activities",Tertiary Sector,19.33,2041
Administrative and support service activities,Tertiary Sector,10.63,2041
Public Admin and defence,Quaternary Sector,2.95,2041
Education,Quaternary Sector,8.31,2041
Health,Tertiary Sector,10.31,2041
"Arts, entertainment and recreation",Tertiary Sector,4.15,2041
Other services,Other services,2.29,2041
Primary and utilities,Primary Sector,0.34,2042
Manufacturing,Secondary Sector,1.16,2042
Construction,Secondary Sector,5.1,2042
Wholesale,Tertiary Sector,2.42,2042
Retail,Tertiary Sector,7.1,2042
Transportation and Storage,Tertiary Sector,3.63,2042
Accomodation and food service activities,Tertiary Sector,7.29,2042
Information and Communication,Tertiary Sector,8.98,2042
Financial and insurance activities,Tertiary Sector,5.86,2042
"Professional, Real Estate, Scientific and technical activities",Tertiary Sector,19.47,2042
Administrative and support service activities,Tertiary Sector,10.64,2042
Public Admin and defence,Quaternary Sector,2.92,2042
Education,Quaternary Sector,8.34,2042
Health,Tertiary Sector,10.31,2042
"Arts, entertainment and recreation",Tertiary Sector,4.16,2042
Other services,Other services,2.28,2042
Primary and utilities,Primary Sector,0.33,2043
Manufacturing,Secondary Sector,1.13,2043
Construction,Secondary Sector,5.1,2043
Wholesale,Tertiary Sector,2.38,2043
Retail,Tertiary Sector,7.06,2043
Transportation and Storage,Tertiary Sector,3.58,2043
Accomodation and food service activities,Tertiary Sector,7.3,2043
Information and Communication,Tertiary Sector,9.02,2043
Financial and insurance activities,Tertiary Sector,5.83,2043
"Professional, Real Estate, Scientific and technical activities",Tertiary Sector,19.6,2043
Administrative and support service activities,Tertiary Sector,10.65,2043
Public Admin and defence,Quaternary Sector,2.88,2043
Education,Quaternary Sector,8.38,2043
Health,Tertiary Sector,10.31,2043
"Arts, entertainment and recreation",Tertiary Sector,4.18,2043
Other services,Other services,2.28,2043
Primary and utilities,Primary Sector,0.33,2044
Manufacturing,Secondary Sector,1.1,2044
Construction,Secondary Sector,5.09,2044
Wholesale,Tertiary Sector,2.34,2044
Retail,Tertiary Sector,7.01,2044
Transportation and Storage,Tertiary Sector,3.53,2044
Accomodation and food service activities,Tertiary Sector,7.32,2044
Information and Communication,Tertiary Sector,9.06,2044
Financial and insurance activities,Tertiary Sector,5.8,2044
"Professional, Real Estate, Scientific and technical activities",Tertiary Sector,19.73,2044
Administrative and support service activities,Tertiary Sector,10.66,2044
Public Admin and defence,Quaternary Sector,2.85,2044
Education,Quaternary Sector,8.41,2044
Health,Tertiary Sector,10.31,2044
"Arts, entertainment and recreation",Tertiary Sector,4.19,2044
Other services,Other services,2.27,2044
Primary and utilities,Primary Sector,0.32,2045
Manufacturing,Secondary Sector,1.08,2045
Construction,Secondary Sector,5.09,2045
Wholesale,Tertiary Sector,2.3,2045
Retail,Tertiary Sector,6.97,2045
Transportation and Storage,Tertiary Sector,3.49,2045
Accomodation and food service activities,Tertiary Sector,7.33,2045
Information and Communication,Tertiary Sector,9.1,2045
Financial and insurance activities,Tertiary Sector,5.77,2045
"Professional, Real Estate, Scientific and technical activities",Tertiary Sector,19.86,2045
Administrative and support service activities,Tertiary Sector,10.67,2045
Public Admin and defence,Quaternary Sector,2.82,2045
Education,Quaternary Sector,8.44,2045
Health,Tertiary Sector,10.31,2045
"Arts, entertainment and recreation",Tertiary Sector,4.21,2045
Other services,Other services,2.26,2045
Primary and utilities,Primary Sector,0.32,2046
Manufacturing,Secondary Sector,1.05,2046
Construction,Secondary Sector,5.08,2046
Wholesale,Tertiary Sector,2.26,2046
Retail,Tertiary Sector,6.92,2046
Transportation and Storage,Tertiary Sector,3.45,2046
Accomodation and food service activities,Tertiary Sector,7.34,2046
Information and Communication,Tertiary Sector,9.14,2046
Financial and insurance activities,Tertiary Sector,5.74,2046
"Professional, Real Estate, Scientific and technical activities",Tertiary Sector,19.99,2046
Administrative and support service activities,Tertiary Sector,10.67,2046
Public Admin and defence,Quaternary Sector,2.78,2046
Education,Quaternary Sector,8.47,2046
Health,Tertiary Sector,10.31,2046
"Arts, entertainment and recreation",Tertiary Sector,4.22,2046
Other services,Other services,2.25,2046
Primary and utilities,Primary Sector,0.31,2047
Manufacturing,Secondary Sector,1.02,2047
Construction,Secondary Sector,5.08,2047
Wholesale,Tertiary Sector,2.23,2047
Retail,Tertiary Sector,6.88,2047
Transportation and Storage,Tertiary Sector,3.4,2047
Accomodation and food service activities,Tertiary Sector,7.35,2047
Information and Communication,Tertiary Sector,9.17,2047
Financial and insurance activities,Tertiary Sector,5.72,2047
"Professional, Real Estate, Scientific and technical activities",Tertiary Sector,20.12,2047
Administrative and support service activities,Tertiary Sector,10.68,2047
Public Admin and defence,Quaternary Sector,2.75,2047
Education,Quaternary Sector,8.5,2047
Health,Tertiary Sector,10.31,2047
"Arts, entertainment and recreation",Tertiary Sector,4.23,2047
Other services,Other services,2.25,2047
Primary and utilities,Primary Sector,0.3,2048
Manufacturing,Secondary Sector,0.99,2048
Construction,Secondary Sector,5.07,2048
Wholesale,Tertiary Sector,2.19,2048
Retail,Tertiary Sector,6.84,2048
Transportation and Storage,Tertiary Sector,3.36,2048
Accomodation and food service activities,Tertiary Sector,7.37,2048
Information and Communication,Tertiary Sector,9.21,2048
Financial and insurance activities,Tertiary Sector,5.69,2048
"Professional, Real Estate, Scientific and technical activities",Tertiary Sector,20.25,2048
Administrative and support service activities,Tertiary Sector,10.69,2048
Public Admin and defence,Quaternary Sector,2.71,2048
Education,Quaternary Sector,8.53,2048
Health,Tertiary Sector,10.31,2048
"Arts, entertainment and recreation",Tertiary Sector,4.25,2048
Other services,Other services,2.24,2048
Primary and utilities,Primary Sector,0.3,2049
Manufacturing,Secondary Sector,0.97,2049
Construction,Secondary Sector,5.07,2049
Wholesale,Tertiary Sector,2.16,2049
Retail,Tertiary Sector,6.79,2049
Transportation and Storage,Tertiary Sector,3.32,2049
Accomodation and food service activities,Tertiary Sector,7.38,2049
Information and Communication,Tertiary Sector,9.25,2049
Financial and insurance activities,Tertiary Sector,5.66,2049
"Professional, Real Estate, Scientific and technical activities",Tertiary Sector,20.38,2049
Administrative and support service activities,Tertiary Sector,10.69,2049
Public Admin and defence,Quaternary Sector,2.68,2049
Education,Quaternary Sector,8.56,2049
Health,Tertiary Sector,10.31,2049
"Arts, entertainment and recreation",Tertiary Sector,4.26,2049
Other services,Other services,2.23,2049
Primary and utilities,Primary Sector,0.29,2050
Manufacturing,Secondary Sector,0.94,2050
Construction,Secondary Sector,5.06,2050
Wholesale,Tertiary Sector,2.12,2050
Retail,Tertiary Sector,6.75,2050
Transportation and Storage,Tertiary Sector,3.27,2050
Accomodation and food service activities,Tertiary Sector,7.39,2050
Information and Communication,Tertiary Sector,9.29,2050
Financial and insurance activities,Tertiary Sector,5.63,2050
"Professional, Real Estate, Scientific and technical activities",Tertiary Sector,20.51,2050
Administrative and support service activities,Tertiary Sector,10.7,2050
Public Admin and defence,Quaternary Sector,2.65,2050
Education,Quaternary Sector,8.59,2050
Health,Tertiary Sector,10.31,2050
"Arts, entertainment and recreation",Tertiary Sector,4.27,2050
Other services,Other services,2.22,2050
